Restaurant ID,Restaurant Name,Country Code,City,Address,Locality,Locality Verbose,Longitude,Latitude,Cuisines,Average Cost for two,Currency,Has Table booking,Has Online delivery,Is delivering now,Switch to order menu,Price range,Aggregate rating,Rating color,Rating text,Votes
306531,PM 2 AM Food Bank,1,New Delhi,"1st Floor, Alaknanda Market, Alaknanda, New Delhi",Alaknanda,"Alaknanda, New Delhi",77.25118,28.52757,North Indian,500,Indian Rupees(Rs.),No,Yes,Yes,No,2,2.5,Orange,Average,37
310952,Student Corner,1,New Delhi,"G-94, Vardhman Central Mall, Nehru Vihar, Mukherjee Nagar, New Delhi",Mukherjee Nagar,"Mukherjee Nagar, New Delhi",77.2188247,28.7091854,Fast Food,50,Indian Rupees(Rs.),No,No,No,No,1,0,White,Not rated,0
18435330,Chowringhee,1,New Delhi,"Shop 3, Main Bus Stand Bawana, Khajan Market Bawana, Narela, New Delhi",Narela,"Narela, New Delhi",77.0356003,28.8002781,Fast Food,250,Indian Rupees(Rs.),No,No,No,No,1,0,White,Not rated,0
18282049,Malabar Dosa Hut,1,New Delhi,"Shop 4-5, Chawdhary Dayanand Market, IGNOU Road, Saket, New Delhi",Saket,"Saket, New Delhi",77.20556729,28.51544458,South Indian,150,Indian Rupees(Rs.),No,No,No,No,1,3.2,Orange,Average,15
18427222,Heera Chicken Corner,1,New Delhi,"Ground Floor, Neelkanth Palace, Sant Nagar, Near, East of Kailash, New Delhi",East of Kailash,"East of Kailash, New Delhi",0,0,Fast Food,300,Indian Rupees(Rs.),No,No,No,No,1,0,White,Not rated,0
18466825,Chennai Dosa Express,1,New Delhi,"E-167/3, Samaspur Road, Pandav Nagar, New Delhi",Pandav Nagar,"Pandav Nagar, New Delhi",77.21252906,28.62789848,South Indian,300,Indian Rupees(Rs.),No,No,No,No,1,0,White,Not rated,1
307296,Movenpick,1,New Delhi,"2nd Floor, Select Citywalk Mall, Saket, New Delhi","Select Citywalk Mall, Saket","Select Citywalk Mall, Saket, New Delhi",77.21938971,28.52869412,"Ice Cream, Desserts",650,Indian Rupees(Rs.),No,Yes,No,No,2,4,Green,Very Good,135
18336207,FOG Cafe and Lounge,1,New Delhi,"7/7, Ground Floor, East Patel Nagar, New Delhi",East Patel Nagar,"East Patel Nagar, New Delhi",77.1716041,28.6445596,Cafe,500,Indian Rupees(Rs.),No,No,No,No,2,3,Orange,Average,4
300957,Delicacy Foods,1,New Delhi,"1, DDA Market, Pocket 4, Near Maharaja Agrasen College, Mayur Vihar Phase 1, New Delhi",Mayur Vihar Phase 1,"Mayur Vihar Phase 1, New Delhi",77.2932581,28.6030873,"North Indian, Mughlai, Chinese",650,Indian Rupees(Rs.),No,No,No,No,2,3.2,Orange,Average,86
18384135,Keventers,1,New Delhi,"Level 2, Food Capital, Worldmark 1, Hospitality District, Aerocity, New Delhi","Worldmark 1, Aerocity","Worldmark 1, Aerocity, New Delhi",77.12179529,28.5503472,Beverages,400,Indian Rupees(Rs.),No,No,No,No,1,3.1,Orange,Average,5
301120,Lumbini Fast Point,1,New Delhi,"1-A, Pocket A3, Mayur Vihar Phase 3, New Delhi",Mayur Vihar Phase 3,"Mayur Vihar Phase 3, New Delhi",77.3375211,28.6137147,"Chinese, Fast Food",400,Indian Rupees(Rs.),No,No,No,No,1,3,Orange,Average,30
18352678,Wow! Momo,1,New Delhi,"Shop 1, Ground Floor, Unity One Mall, Janakpuri, New Delhi","Unity One Mall, Janakpuri","Unity One Mall, Janakpuri, New Delhi",77.076886,28.6291105,"Tibetan, Chinese",350,Indian Rupees(Rs.),No,Yes,No,No,1,2.9,Orange,Average,77
302057,Lajwab Bakery,1,New Delhi,"Mangal Bazaar Road, Uttam Nagar, New Delhi",Uttam Nagar,"Uttam Nagar, New Delhi",77.0630573,28.6205109,Bakery,100,Indian Rupees(Rs.),No,No,No,No,1,3.1,Orange,Average,7
8941,New Punjabi Dhaba and Caterers,1,New Delhi,"WZ/1593, Vasundhara Market, Main Bazar, Rani Bagh, Pitampura, New Delhi",Pitampura,"Pitampura, New Delhi",77.1300451,28.6880453,"North Indian, Chinese",400,Indian Rupees(Rs.),No,No,No,No,1,3.2,Orange,Average,39
302868,Aggarwal Bikaneri Sweets,1,New Delhi,"B-53, Main Road, Near Nirankari Bhawan, Kalkaji, New Delhi",Kalkaji,"Kalkaji, New Delhi",77.251157,28.5441688,"Mithai, Street Food",250,Indian Rupees(Rs.),No,No,No,No,1,2.9,Orange,Average,11
311712,Wah Ji Wah,1,New Delhi,"E-6, Jyoti Colony, 100 Feet Road, Durga Puri, New Delhi",Durga Puri,"Durga Puri, New Delhi",0,0,North Indian,350,Indian Rupees(Rs.),No,No,No,No,1,2.9,Orange,Average,8
18216915,Biryani Blues,1,New Delhi,"Showroom 9, Scindia House, Connaught Circus, Connaught Place, New Delhi",Connaught Place,"Connaught Place, New Delhi",77.2205314,28.6299831,"Biryani, Hyderabadi",1000,Indian Rupees(Rs.),No,Yes,No,No,3,4,Green,Very Good,510
18025089,FNV,1,New Delhi,"C-118, Lajpat Nagar 1, New Delhi",Lajpat Nagar 1,"Lajpat Nagar 1, New Delhi",77.23922364,28.57852765,"North Indian, Chinese",600,Indian Rupees(Rs.),No,No,No,No,2,0,White,Not rated,2
7580,Aggarwal's Sweets Paradise,1,New Delhi,"G-3, H/1, Alaknanda Shopping Complex, Alaknanda, New Delhi",Alaknanda,"Alaknanda, New Delhi",77.2542078,28.52497428,"Mithai, North Indian, South Indian, Street Food",400,Indian Rupees(Rs.),No,No,No,No,1,2.9,Orange,Average,8
309232,Subway,1,New Delhi,"17, PVR Anupam Complex, Community Centre",PVR Anupam Complex,"PVR Anupam Complex, New Delhi",77.20727418,28.52352259,"American, Fast Food, Salad, Healthy Food",500,Indian Rupees(Rs.),No,Yes,No,No,2,3.2,Orange,Average,115
18394443,Bakermania,1,New Delhi,"A-9/1, 1st Floor, Near Holy Child School, Vasant Vihar, New Delhi",Vasant Vihar,"Vasant Vihar, New Delhi",0,0,"Bakery, Fast Food",400,Indian Rupees(Rs.),No,No,No,No,1,0,White,Not rated,1
18264447,Curry Shurry,1,New Delhi,"G-4, Main Market, Opposite ICICI Bank, Model Town 3, New Delhi",Model Town 3,"Model Town 3, New Delhi",77.1843721,28.7070075,"North Indian, Mughlai",600,Indian Rupees(Rs.),No,Yes,No,No,2,3.3,Orange,Average,28
18434596,Cafí© Healthilicious,1,New Delhi,"Inside Pacific Sports Complex, Near Petrol Pump, Greater Kailash (GK) 1, New Delhi",Greater Kailash (GK) 1,"Greater Kailash (GK) 1, New Delhi",77.23497704,28.56002689,"Healthy Food, Continental",400,Indian Rupees(Rs.),No,Yes,No,No,1,3.5,Yellow,Good,24
302859,Grover Eating Point,1,New Delhi,"1476, Deewan Hall Road, Chandni Chowk, New Delhi",Chandni Chowk,"Chandni Chowk, New Delhi",77.2352925,28.6570185,North Indian,200,Indian Rupees(Rs.),No,No,No,No,1,0,White,Not rated,1
8365,Domino's Pizza,1,New Delhi,"G1-G3, B Block, Community Centre, Allied Chambers, Janakpuri, New Delhi",Janakpuri,"Janakpuri, New Delhi",77.0903177,28.6298073,"Pizza, Fast Food",700,Indian Rupees(Rs.),No,No,No,No,2,3.4,Orange,Average,88
309520,The Sugar Story,1,New Delhi,"W Block, Greater Kailash (GK) 1, New Delhi",Greater Kailash (GK) 1,"Greater Kailash (GK) 1, New Delhi",77.2327916,28.5504467,"Bakery, Desserts",400,Indian Rupees(Rs.),No,No,No,No,1,3.3,Orange,Average,19
308277,Hot & Hot,1,New Delhi,"Opposite Aurobindo Market, Hauz Khas, New Delhi",Hauz Khas,"Hauz Khas, New Delhi",77.2036513,28.552691,"Chinese, Fast Food",350,Indian Rupees(Rs.),No,No,No,No,1,2.9,Orange,Average,10
7194,Punjabi Shahi Chicken Soup,1,New Delhi,"1, D383, Opposite Shree Sai Vidya Mandir, Sabji Mandi, Tagore Garden Extension, New Delhi, Tagore Garden, New Delhi",Tagore Garden,"Tagore Garden, New Delhi",77.111955,28.6525857,Chinese,250,Indian Rupees(Rs.),No,No,No,No,1,0,White,Not rated,2
18455513,Singh Chicken,1,New Delhi,"Shop 1, Plot 7 & 8, Vishal Market, West Mukherjee Nagar, GTB Nagar, New Delhi",GTB Nagar,"GTB Nagar, New Delhi",77.2027704,28.7075633,"North Indian, Mughlai",500,Indian Rupees(Rs.),No,No,No,No,2,0,White,Not rated,0
18157386,Tony's,1,New Delhi,"C-23, Single Storey, Vijay Nagar, New Delhi",Vijay Nagar,"Vijay Nagar, New Delhi",77.201128,28.6919997,Fast Food,200,Indian Rupees(Rs.),No,Yes,No,No,1,4.4,Green,Very Good,163
312338,De Bone Chicken,1,New Delhi,"20, J Block, Murga Market, Near Water Tank, Ashok Vihar Phase 1, New Delhi",Ashok Vihar Phase 1,"Ashok Vihar Phase 1, New Delhi",77.1730688,28.6872543,"Raw Meats, Fast Food",400,Indian Rupees(Rs.),No,No,No,No,1,0,White,Not rated,0
302473,Cafe Highway,1,New Delhi,"Near Kavira Garden, NH-8, Mahipalpur, New Delhi",Mahipalpur,"Mahipalpur, New Delhi",77.1077373,28.5332421,"Fast Food, Chinese",250,Indian Rupees(Rs.),No,No,No,No,1,0,White,Not rated,0
2770,Mist - The Park,1,New Delhi,"The Park, 15, Parliament Street, Connaught Place, New Delhi","The Park, Connaught Place","The Park, Connaught Place, New Delhi",77.21736733,28.62098721,"Continental, Italian, American, North Indian",3500,Indian Rupees(Rs.),Yes,No,No,No,4,3.3,Orange,Average,169
18431176,Salt & Peppers,1,New Delhi,"Shop 1, New Market, Main Market, Tilak Nagar, New Delhi",Tilak Nagar,"Tilak Nagar, New Delhi",77.0964562,28.6371756,Chinese,500,Indian Rupees(Rs.),No,No,No,No,2,0,White,Not rated,3
18486869,Hot & Tasty,1,New Delhi,"39/3, Near Ram Mandir, Mohammdpur, R K Puram, New Delhi",R K Puram,"R K Puram, New Delhi",77.1884619,28.5658333,Chinese,200,Indian Rupees(Rs.),No,No,No,No,1,0,White,Not rated,0
18272370,Vero Gusto,1,New Delhi,"C-4, Main Market, Malviya Nagar, New Delhi",Malviya Nagar,"Malviya Nagar, New Delhi",77.2118497,28.5367368,"Cafe, Fast Food, Healthy Food",250,Indian Rupees(Rs.),No,Yes,No,No,1,4.1,Green,Very Good,135
18358661,Kaka De Dhaba,1,New Delhi,"Badam Singh Market, Mahipalpur, New Delhi",Mahipalpur,"Mahipalpur, New Delhi",77.1228536,28.5454551,North Indian,350,Indian Rupees(Rs.),No,No,No,No,1,0,White,Not rated,0
18421473,Lasha Chinese Food,1,New Delhi,"Shop 69, Indra Vihar, Opposite Girls Hostel, Mukherjee Nagar, New Delhi",Mukherjee Nagar,"Mukherjee Nagar, New Delhi",77.2122224,28.7066288,Chinese,300,Indian Rupees(Rs.),No,No,No,No,1,0,White,Not rated,1
3167,Darbar E Awadh,1,New Delhi,"Stall 7, Dilli Haat, INA, New Delhi","Dilli Haat, INA","Dilli Haat, INA, New Delhi",77.2069673,28.5733089,"North Indian, Mughlai",750,Indian Rupees(Rs.),No,No,No,No,2,3.2,Orange,Average,26
6179,Tunday Kababi,1,New Delhi,"489, 55/4, Corner Market, Malviya Nagar, New Delhi",Malviya Nagar,"Malviya Nagar, New Delhi",77.2126555,28.5406063,"Lucknowi, Mughlai",600,Indian Rupees(Rs.),No,Yes,No,No,2,2.2,Red,Poor,182
18440259,Recipe Tadka,1,New Delhi,"D 1/252, Street 5, Mahavir Enclave, Palam, New Delhi",Palam,"Palam, New Delhi",77.0849466,28.596432,North Indian,500,Indian Rupees(Rs.),No,No,No,No,2,0,White,Not rated,3
7419,Satkar Fast Food,1,New Delhi,"Opposite Mother Dairy Booth 332, Inderpuri, Naraina, New Delhi",Naraina,"Naraina, New Delhi",77.1462754,28.6276237,North Indian,200,Indian Rupees(Rs.),No,No,No,No,1,2.8,Orange,Average,20
18287389,Rosartí© Chocolate,1,New Delhi,"A/19, West End, Satyaniketan, New Delhi",Satyaniketan,"Satyaniketan, New Delhi",77.1652844,28.5738064,Desserts,200,Indian Rupees(Rs.),No,No,No,No,1,3.4,Orange,Average,15
18322676,Giani's,1,New Delhi,"Shop 7, Q-25, Jangpura Extension, Jangpura, New Delhi",Jangpura,"Jangpura, New Delhi",77.2412786,28.5793555,"Ice Cream, Desserts",400,Indian Rupees(Rs.),No,No,No,No,1,3.1,Orange,Average,9
6042,Nirula's Ice Cream,1,New Delhi,"G 5, Ground Floor, V3S Mall, Laxmi Nagar, New Delhi","V3S Mall, Laxmi Nagar","V3S Mall, Laxmi Nagar, New Delhi",77.2863408,28.6368424,"Desserts, Ice Cream",250,Indian Rupees(Rs.),No,Yes,No,No,1,3,Orange,Average,38
2291,The Host,1,New Delhi,"F Block, Behind Mother Dairy, Opposite MCD School Gate, Model Town 2, New Delhi",Model Town 2,"Model Town 2, New Delhi",77.19147,28.7074189,Chinese,450,Indian Rupees(Rs.),No,No,No,No,1,2.7,Orange,Average,20
307694,Wild Willy,1,New Delhi,"India Habitat Centre, Lodhi Road, New Delhi",Lodhi Road,"Lodhi Road, New Delhi",77.225607,28.58997,"Pizza, Fast Food",500,Indian Rupees(Rs.),No,No,No,No,2,3.2,Orange,Average,19
302369,Anand Ji de Choley Bhatoore,1,New Delhi,"Opposite Green Field School, Naveen, Shahdara, New Delhi",Shahdara,"Shahdara, New Delhi",77.2833919,28.6778187,North Indian,150,Indian Rupees(Rs.),No,No,No,No,1,2.7,Orange,Average,5
302314,G+,1,New Delhi,"Main IGNOU Road, Neb Sarai, Sainik Farms, New Delhi",Sainik Farms,"Sainik Farms, New Delhi",77.20021944,28.50756389,Mithai,150,Indian Rupees(Rs.),No,No,No,No,1,0,White,Not rated,3
18376478,New Lazeez Tandoor,1,New Delhi,"B-1, Shop 4, Gurudwara Road, Mahavir Enclave, Palam Dabri Road, Palam, New Delhi",Palam,"Palam, New Delhi",77.0817069,28.6004059,"North Indian, Chinese",500,Indian Rupees(Rs.),No,No,No,No,2,0,White,Not rated,2
306067,Oberoi Biryani,1,New Delhi,"1/123, Opposite BSES Office, Shankar Road, Old, Rajinder Nagar, New Delhi",Rajinder Nagar,"Rajinder Nagar, New Delhi",77.1851026,28.6358601,"Biryani, North Indian",600,Indian Rupees(Rs.),No,No,No,No,2,2.6,Orange,Average,135
18250797,Cake o' Cuisine,1,New Delhi,"A-1/9, Satyawati Colony, Ashok Vihar Phase 3, New Delhi",Ashok Vihar Phase 3,"Ashok Vihar Phase 3, New Delhi",77.1778577,28.691831,Bakery,300,Indian Rupees(Rs.),No,No,No,No,1,3.3,Orange,Average,26
1305,Sai Ann Kutir,1,New Delhi,"5, F Block, DDA Market, Vikaspuri, New Delhi",Vikaspuri,"Vikaspuri, New Delhi",77.0707437,28.64041091,"Chinese, North Indian",400,Indian Rupees(Rs.),No,No,No,No,1,2.8,Orange,Average,37
18368021,Himalya Chinese,1,New Delhi,"Shop 1, Plot 365, Chand Nagar, Tilak Nagar, New Delhi",Tilak Nagar,"Tilak Nagar, New Delhi",77.0962302,28.6468527,Chinese,300,Indian Rupees(Rs.),No,No,No,No,1,0,White,Not rated,1
308526,Sweet Toof Designer Cakes,1,New Delhi,"16-A, Pocket 3, Mayur Vihar Phase 1, New Delhi",Mayur Vihar Phase 1,"Mayur Vihar Phase 1, New Delhi",77.29909826,28.60545101,"Bakery, Desserts",250,Indian Rupees(Rs.),No,No,No,No,1,3.1,Orange,Average,7
18431151,KGN Chicken Corner,1,New Delhi,"Near City Store, Palam Dabri Road, Palam, New Delhi",Palam,"Palam, New Delhi",77.0824439,28.6005361,Mughlai,350,Indian Rupees(Rs.),No,No,No,No,1,0,White,Not rated,1
1969,Pacific Asia,1,New Delhi,"G-3, Cascade Shopping Center, Netaji Subhash Place, New Delhi",Netaji Subhash Place,"Netaji Subhash Place, New Delhi",77.1489657,28.6925061,"North Indian, Chinese",1200,Indian Rupees(Rs.),Yes,Yes,No,No,3,3.7,Yellow,Good,151
18313112,Taste of India,1,New Delhi,"A-53,   NH-8, Near IGI Airport, Mahipalpur, New Delhi",Mahipalpur,"Mahipalpur, New Delhi",77.1293709,28.5505165,"North Indian, Mughlai, Chinese",1000,Indian Rupees(Rs.),Yes,No,No,No,3,0,White,Not rated,0
18358685,Chawnsan Chef,1,New Delhi,"1B/A, Arjun Nagar, Safdarjung, New Delhi",Safdarjung,"Safdarjung, New Delhi",77.198889,28.559828,"Mughlai, North Indian, Chinese",700,Indian Rupees(Rs.),No,Yes,No,No,2,3.4,Orange,Average,13
18138443,The Piano Man Jazz Club,1,New Delhi,"B-6-7/22, Safdarjung Enclave Market, Opposite Deer Park, Safdarjung, New Delhi",Safdarjung,"Safdarjung, New Delhi",77.19702881,28.55952304,"Mexican, American",1800,Indian Rupees(Rs.),Yes,Yes,No,No,3,4.2,Green,Very Good,420
18354968,Let's Eat,1,New Delhi,"Basement, Shop 6, 88-A, Radheed Hotel Market, Main Road, Zakir Nagar, New Delhi",Zakir Nagar,"Zakir Nagar, New Delhi",77.28167631,28.56679379,"Fast Food, Beverages",200,Indian Rupees(Rs.),No,No,No,No,1,0,White,Not rated,1
18287378,Chily Hut,1,New Delhi,"Shop 3 & 6, Ground Floor, G Block, PVR Sonia Complex, Vikaspuri, New Delhi",Vikaspuri,"Vikaspuri, New Delhi",77.07597736,28.63884135,"Chinese, North Indian",750,Indian Rupees(Rs.),No,No,No,No,2,3.2,Orange,Average,20
5878,Atul Chaat Corner,1,New Delhi,"H-44, Main Market, Rajouri Garden, New Delhi",Rajouri Garden,"Rajouri Garden, New Delhi",77.1209176,28.6456088,Street Food,100,Indian Rupees(Rs.),No,No,No,No,1,3.8,Yellow,Good,413
311609,Chatorey Chacha,1,New Delhi,"E-2/16, Near Shani Mandir, Malviya Nagar, New Delhi",Malviya Nagar,"Malviya Nagar, New Delhi",77.2097386,28.5340199,"Street Food, North Indian",350,Indian Rupees(Rs.),No,No,No,No,1,3.3,Orange,Average,51
307843,Pizza Hut Delivery,1,New Delhi,"B-05, Ground Floor, Ansal Plaza Mall, Khel Gaon Marg, New Delhi","Ansal Plaza Mall, Khel Gaon Marg","Ansal Plaza Mall, Khel Gaon Marg, New Delhi",77.2242626,28.5625495,"Italian, Pizza, Fast Food",800,Indian Rupees(Rs.),No,Yes,No,No,2,3.2,Orange,Average,51
18423140,Gareeb Dhaba,1,New Delhi,"Bhairon Baba Market, Durgapuri Chowk, Shahdara, New Delhi",Shahdara,"Shahdara, New Delhi",77.2920013,28.6876451,Mughlai,150,Indian Rupees(Rs.),No,No,No,No,1,0,White,Not rated,1
18449629,Giani,1,New Delhi,"Shop 5, DLF, Near Moti Nagar Metro Station, Moti Nagar, New Delhi",Moti Nagar,"Moti Nagar, New Delhi",77.1422037,28.6576022,"Ice Cream, Desserts",400,Indian Rupees(Rs.),No,No,No,No,1,0,White,Not rated,0
249,Pizza Hut,1,New Delhi,"M-20, Outer Circle, Connaught Place, New Delhi",Connaught Place,"Connaught Place, New Delhi",77.2228218,28.6322176,"Italian, Pizza, Fast Food",1000,Indian Rupees(Rs.),No,Yes,No,No,3,3.5,Yellow,Good,541
18252376,Nirula's Ice Cream,1,New Delhi,"Surya Mansion 1, Kaushalya Park, Hauz Khas, New Delhi",Hauz Khas,"Hauz Khas, New Delhi",77.2046029,28.5505745,"Ice Cream, Desserts",300,Indian Rupees(Rs.),No,Yes,No,No,1,2.9,Orange,Average,9
18336478,Hang Out,1,New Delhi,"3rd Floor, Pacific Mall, Opposite Unisex Saloon, Tagore Garden, New Delhi","Pacific Mall, Tagore Garden","Pacific Mall, Tagore Garden, New Delhi",77.1065198,28.6421902,"Italian, Continental, Fast Food, North Indian",1000,Indian Rupees(Rs.),Yes,No,No,No,3,0,White,Not rated,3
5283,Pavitra Bakers,1,New Delhi,"B-1/58, Sector 18, Rohini, New Delhi",Rohini,"Rohini, New Delhi",77.137416,28.736207,"Bakery, Chinese, Fast Food",450,Indian Rupees(Rs.),No,Yes,No,No,1,3.2,Orange,Average,73
312542,Keventers,1,New Delhi,"Food Court, 2nd Floor, DLF Promenade Mall, Vasant Kunj, New Delhi","DLF Promenade Mall, Vasant Kunj","DLF Promenade Mall, Vasant Kunj, New Delhi",77.15570837,28.5427387,Beverages,400,Indian Rupees(Rs.),No,No,No,No,1,3.8,Yellow,Good,154
301015,Slic Chic,1,New Delhi,"Shop 3, BS Market, Shalimar Bagh, New Delhi",Shalimar Bagh,"Shalimar Bagh, New Delhi",77.157369,28.7058943,"Chinese, Fast Food",450,Indian Rupees(Rs.),No,No,No,No,1,3.8,Yellow,Good,178
303583,Teflas,1,New Delhi,"Opposite Narmada Hostel, JNU, New Delhi",JNU,"JNU, New Delhi",77.1656368,28.5474027,"North Indian, Chinese",300,Indian Rupees(Rs.),No,No,No,No,1,3.4,Orange,Average,53
18421485,Bikaner Restaurant,1,New Delhi,"Shop 264, Near Hakikat Nagar, Mukherjee Nagar, New Delhi",Mukherjee Nagar,"Mukherjee Nagar, New Delhi",77.2081351,28.699566,North Indian,100,Indian Rupees(Rs.),No,No,No,No,1,0,White,Not rated,0
18312572,Avatar Da Dhaba,1,New Delhi,"Ring Road Narayna, Opp Dharamshala, Naraina, New Delhi",Naraina,"Naraina, New Delhi",77.1364744,28.6205175,North Indian,200,Indian Rupees(Rs.),No,No,No,No,1,0,White,Not rated,0
18378033,Sultan Food,1,New Delhi,"400 A, J & K Pocket, Dilshad Garden, New Delhi",Dilshad Garden,"Dilshad Garden, New Delhi",77.3225314,28.6818859,Mughlai,300,Indian Rupees(Rs.),No,Yes,No,No,1,3.1,Orange,Average,14
3116,Cafe Festa,1,New Delhi,"1832, Laxmi Narain Street, Chuna Mandi, Paharganj, New Delhi",Paharganj,"Paharganj, New Delhi",77.2102911,28.6409218,"Cafe, North Indian, Fast Food",600,Indian Rupees(Rs.),No,Yes,No,No,2,3.2,Orange,Average,38
18285728,Qureshi Kabab,1,New Delhi,"L-2, Gate 4, Metro Station, Khan Market, New Delhi",Khan Market,"Khan Market, New Delhi",77.2280043,28.602474,Mughlai,450,Indian Rupees(Rs.),No,No,No,No,1,3.5,Yellow,Good,17
1505,Shree Ram Sweet Centre,1,New Delhi,"DDA Market, Ber Sarai, Near IIT Delhi Hostel Gate, JNU, New Delhi",JNU,"JNU, New Delhi",77.1807722,28.5494286,"Mithai, Street Food",150,Indian Rupees(Rs.),No,No,No,No,1,2.7,Orange,Average,13
305348,Dilli Darbaar,1,New Delhi,"Madhu Vihar Market, IP Extension, New Delhi",IP Extension,"IP Extension, New Delhi",77.3043502,28.6360024,Street Food,100,Indian Rupees(Rs.),No,No,No,No,1,3.1,Orange,Average,18
18279463,Hungry Pistals,1,New Delhi,"B-6, Ground Floor, Greater Kailash (GK) 1, New Delhi",Greater Kailash (GK) 1,"Greater Kailash (GK) 1, New Delhi",77.2127245,28.5351803,"Fast Food, American, Italian",700,Indian Rupees(Rs.),No,Yes,No,No,2,3.7,Yellow,Good,108
18292455,Moti Mahal Delux,1,New Delhi,"HL-3 GF, Opposite Santoshi Mata Mandir, Jail Road, New Delhi",Jail Road,"Jail Road, New Delhi",77.1013347,28.6255608,"North Indian, Chinese",800,Indian Rupees(Rs.),Yes,Yes,No,No,2,2.7,Orange,Average,12
410,Naivedyam,1,New Delhi,"25/35, East Patel Nagar, New Delhi",East Patel Nagar,"East Patel Nagar, New Delhi",77.1760203,28.6438411,South Indian,500,Indian Rupees(Rs.),No,Yes,No,No,2,3.6,Yellow,Good,359
311162,Deluxe Butter Omlette,1,New Delhi,"S-71, Aggarwal Plaza, Opposite Balaji Mandir, Prashant Vihar, New Delhi",Prashant Vihar,"Prashant Vihar, New Delhi",77.1344497,28.7155992,Fast Food,200,Indian Rupees(Rs.),No,No,No,No,1,3.3,Orange,Average,13
18463567,Nueva,1,New Delhi,"Ground Floor, Sangam Courtyard, R K Puram, New Delhi","Sangam Courtyard, RK Puram","Sangam Courtyard, RK Puram, New Delhi",77.1720619,28.571902,South American,2500,Indian Rupees(Rs.),Yes,No,No,No,4,3.3,Orange,Average,14
18430901,Ghar Bistro Cafe,1,New Delhi,"J-198, 2nd Floor, Rajouri Garden, New Delhi",Rajouri Garden,"Rajouri Garden, New Delhi",77.1176775,28.6464612,"Continental, North Indian, Chinese, Mughlai, Asian",800,Indian Rupees(Rs.),Yes,No,No,No,2,4.4,Green,Very Good,153
18384151,No Name - Taste Hi Kaafi Hai,1,New Delhi,"Unit G-73, Aggarwal Cyber Plaza 2, Netaji Subhash Place, New Delhi",Netaji Subhash Place,"Netaji Subhash Place, New Delhi",77.1499993,28.6940829,"Burger, Fast Food",400,Indian Rupees(Rs.),No,Yes,No,No,1,3.2,Orange,Average,31
17953916,Hunger Strike,1,New Delhi,"M-69, Opposite Yes Bank, M Block Market, Greater Kailash (GK) 1, New Delhi",Greater Kailash (GK) 1,"Greater Kailash (GK) 1, New Delhi",77.2341837,28.5510721,Fast Food,300,Indian Rupees(Rs.),No,Yes,No,No,1,3.3,Orange,Average,70
769,Adyar Ananda Bhavan,1,New Delhi,"S-18, Main Market, Green Park, New Delhi",Green Park,"Green Park, New Delhi",77.2025317,28.5572354,"South Indian, North Indian, Street Food, Chinese, Mithai",500,Indian Rupees(Rs.),No,Yes,No,No,2,3.5,Yellow,Good,368
18408066,Meatwale.com,1,New Delhi,"Dhankad Market, Main IGNOU Road, Neb Sarai, Sainik Farms, New Delhi",Sainik Farms,"Sainik Farms, New Delhi",77.201667,28.5099643,"Raw Meats, North Indian",300,Indian Rupees(Rs.),No,No,No,No,1,0,White,Not rated,1
18466975,Dhaba Ambarsariya,1,New Delhi,"BF-3, Jail Road, Next to Domino's, Hari Nager Depot, New Delhi",Janakpuri,"Janakpuri, New Delhi",77.101121,28.625011,"North Indian, Chinese",700,Indian Rupees(Rs.),Yes,Yes,No,No,2,3.3,Orange,Average,23
2315,Aapki Rasoi,1,New Delhi,"F 20/10 Mandir Marg, Krishna Nagar, New Delhi",Krishna Nagar,"Krishna Nagar, New Delhi",77.2861883,28.6611167,North Indian,250,Indian Rupees(Rs.),No,No,No,No,1,3,Orange,Average,15
302411,Bikaner Sweets,1,New Delhi,"Brahmpuri Road, Ghonda Chowk, Shahdara, New Delhi",Shahdara,"Shahdara, New Delhi",77.2702013,28.6901576,"Mithai, Street Food",100,Indian Rupees(Rs.),No,No,No,No,1,0,White,Not rated,1
18485936,Chez Jerome - Q Cafe,1,New Delhi,"344/3, 4th Floor, Lado Sarai, New Delhi",Lado Sarai,"Lado Sarai, New Delhi",0,0,"Cafe, French",1500,Indian Rupees(Rs.),Yes,No,No,No,3,0,White,Not rated,1
312756,Uraki,1,New Delhi,"42, Gautam Nagar, Behind Father Agnel School, Near Yusuf Sarai, New Delhi",Yusuf Sarai,"Yusuf Sarai, New Delhi",77.2133453,28.5622651,Asian,400,Indian Rupees(Rs.),No,No,No,No,1,2.7,Orange,Average,8
1397,Juneja's Eating Plaza,1,New Delhi,"74, Mehar Chand Market, Lodhi Colony, New Delhi",Lodhi Colony,"Lodhi Colony, New Delhi",77.226729,28.5845134,"North Indian, Mughlai, Chinese, Fast Food",700,Indian Rupees(Rs.),No,Yes,No,No,2,3.4,Orange,Average,98
2012,Bobby Tikki Wala,1,New Delhi,"D-100, Vikas Marg, Laxmi Nagar, New Delhi",Laxmi Nagar,"Laxmi Nagar, New Delhi",77.2784272,28.631536,Street Food,250,Indian Rupees(Rs.),No,No,No,No,1,3,Orange,Average,74
4079,Bawarchi,1,New Delhi,"236, Main Road, Opposite North Gate Orbit Plaza Mall, Part 3, Gujranwala Town, New Delhi",Gujranwala Town,"Gujranwala Town, New Delhi",77.193222,28.6978702,"North Indian, Chinese",450,Indian Rupees(Rs.),No,No,No,No,1,3.3,Orange,Average,32
312201,Tequila Express,1,New Delhi,"G-19/20, 1st Floor, Radha Chamber, Community Center, Behind PVR Sonia, Vikaspuri, New Delhi",Vikaspuri,"Vikaspuri, New Delhi",77.0752887,28.6397834,"North Indian, Chinese",1150,Indian Rupees(Rs.),Yes,Yes,No,No,3,3.4,Orange,Average,40
18383512,Movenpick,1,New Delhi,"M 7, Main Market, Greater Kailash (GK) 2, New Delhi",Greater Kailash (GK) 2,"Greater Kailash (GK) 2, New Delhi",77.2431486,28.5342396,"Ice Cream, Desserts",650,Indian Rupees(Rs.),No,Yes,No,No,2,3.9,Yellow,Good,27
310286,Today Pizza,1,New Delhi,"E-1, Khyala Road, Vishnu Garden, Tilak Nagar, New Delhi",Tilak Nagar,"Tilak Nagar, New Delhi",77.1031681,28.6490554,Fast Food,250,Indian Rupees(Rs.),No,No,No,No,1,0,White,Not rated,3
18408058,Caffe 9,1,New Delhi,"R-1, DDA Market, Near Rose Apartment, Sector 14, Rohini, New Delhi",Rohini,"Rohini, New Delhi",77.11235,28.71679,"North Indian, Continental, European, American, Mediterranean",1400,Indian Rupees(Rs.),Yes,Yes,No,No,3,4.2,Green,Very Good,69
308067,WTF - Wraps Toast Fries,1,New Delhi,"13-A, East Avenue Market, Punjabi Bagh, New Delhi",Punjabi Bagh,"Punjabi Bagh, New Delhi",77.14290284,28.66922319,"Chinese, Fast Food, North Indian",450,Indian Rupees(Rs.),No,No,No,No,1,3.2,Orange,Average,63
18203182,Swastik Restaurant,1,New Delhi,"GS-70, Sewak Park, Near Dwarka Mod, Uttam Nagar, New Delhi",Uttam Nagar,"Uttam Nagar, New Delhi",77.0332316,28.6188173,"Chinese, South Indian, North Indian",400,Indian Rupees(Rs.),No,Yes,No,No,1,2.7,Orange,Average,6
305392,Sagar Ratna,1,New Delhi,"Plot 22, 1st Floor, Bazar Marg, Rajinder Nagar, New Delhi",Rajinder Nagar,"Rajinder Nagar, New Delhi",77.1865864,28.6428784,"South Indian, North Indian, Chinese",600,Indian Rupees(Rs.),No,Yes,No,No,2,2.7,Orange,Average,120
8822,Barichi,1,New Delhi,"Hotel Rahman, 3/1, Near Patel Nagar Metro Station, East Patel Nagar, New Delhi",East Patel Nagar,"East Patel Nagar, New Delhi",77.1698272,28.6455402,"North Indian, Chinese, South Indian",1000,Indian Rupees(Rs.),Yes,No,No,No,3,2.9,Orange,Average,11
18489535,Night Diner,1,New Delhi,"Shalimar Bagh, New Delhi",Shalimar Bagh,"Shalimar Bagh, New Delhi",0,0,North Indian,400,Indian Rupees(Rs.),No,No,No,No,1,0,White,Not rated,0
18438452,SardarBuksh Coffee & Co.,1,New Delhi,"Vardhman Plaza, J Block, Near Pyara Chicken Corner, Rajouri Garden, New Delhi",Rajouri Garden,"Rajouri Garden, New Delhi",77.12046923,28.63859667,"Beverages, Desserts",250,Indian Rupees(Rs.),No,No,No,No,1,3.6,Yellow,Good,23
18468524,The Pure Kitchen,1,New Delhi,"Near Pal Dairy, Opposite JNU, Munirka Vihar, Munirka, New Delhi",Munirka,"Munirka, New Delhi",77.1901673,28.5266192,"Chinese, Continental, North Indian",250,Indian Rupees(Rs.),No,No,No,No,1,0,White,Not rated,0
300784,Shankar Fast Food,1,New Delhi,"A-5, Central Market, Ashok Vihar Phase 1, New Delhi",Ashok Vihar Phase 1,"Ashok Vihar Phase 1, New Delhi",77.1716576,28.6929381,"Chinese, Fast Food",300,Indian Rupees(Rs.),No,No,No,No,1,3.2,Orange,Average,74
3077,Pirates of Grill,1,New Delhi,"C-12, Vishal Enclave, Main Nazafgarh Road, Rajouri Garden, New Delhi",Rajouri Garden,"Rajouri Garden, New Delhi",77.1182068,28.6474974,"North Indian, Continental, Mughlai, Asian",1500,Indian Rupees(Rs.),No,No,No,No,3,4.1,Green,Very Good,2514
2017,Food Fantasy,1,New Delhi,"P-35-36, Opposite Fine Home Apartments, Mayur Vihar Phase 1, New Delhi",Mayur Vihar Phase 1,"Mayur Vihar Phase 1, New Delhi",77.2928015,28.6082787,"North Indian, Chinese, Fast Food",500,Indian Rupees(Rs.),No,Yes,No,No,2,2.4,Red,Poor,76
308364,The Butter Cup,1,New Delhi,"CP 22, Maurya Enclave, Pitampura, New Delhi",Pitampura,"Pitampura, New Delhi",77.1413709,28.7049836,"Bakery, Desserts",400,Indian Rupees(Rs.),No,No,No,No,1,3,Orange,Average,7
310982,Changezi Chicken,1,New Delhi,"G-1, Vardhman Royal Plaza, LSC, Deraval Nagar Part 1, Gujranwala Town, New Delhi",Gujranwala Town,"Gujranwala Town, New Delhi",77.1898079,28.7014836,"North Indian, Mughlai",650,Indian Rupees(Rs.),No,Yes,No,No,2,3.1,Orange,Average,42
310807,Priya Panchvati,1,New Delhi,"C-11/8, Yamuna Vihar, Shahdara, New Delhi",Shahdara,"Shahdara, New Delhi",77.2770165,28.6982532,"South Indian, Fast Food, Chinese",550,Indian Rupees(Rs.),No,No,No,No,2,2.9,Orange,Average,10
4500,The Old Baker - Jaypee Vasant Continental,1,New Delhi,"Jaypee Vasant Continental, Vasant Vihar, New Delhi","Jaypee Vasant Continental, Vasant Vihar","Jaypee Vasant Continental, Vasant Vihar, New Delhi",77.16443762,28.55650347,Bakery,500,Indian Rupees(Rs.),No,No,No,No,2,3.3,Orange,Average,17
9001,Gullu's,1,New Delhi,"2, Main Road, Malka Ganj, Kamla Nagar, New Delhi",Kamla Nagar,"Kamla Nagar, New Delhi",77.207839,28.6770968,"North Indian, Mughlai",550,Indian Rupees(Rs.),No,No,No,No,2,3.1,Orange,Average,69
613,Cafe Coffee Day,1,New Delhi,"Delhi Gymkhana Club, Golf Links, Race Course Road, Race Course, New Delhi",Race Course,"Race Course, New Delhi",77.2058916,28.5990816,Cafe,450,Indian Rupees(Rs.),No,No,No,No,1,2.9,Orange,Average,9
9271,Raju De Special Paneer Wale,1,New Delhi,"1506, Chawla Stand, Gaushala Road, Najafgarh, New Delhi",Najafgarh,"Najafgarh, New Delhi",76.9856215,28.6100946,North Indian,50,Indian Rupees(Rs.),No,No,No,No,1,0,White,Not rated,0
308772,Dunkin' Donuts,1,New Delhi,"Ground Floor, HT House, Kasturba Gandhi Marg, Connaught Place, New Delhi",Connaught Place,"Connaught Place, New Delhi",77.22320214,28.62801416,"Burger, Desserts, Fast Food",600,Indian Rupees(Rs.),No,Yes,No,No,2,3.8,Yellow,Good,271
18409180,Twenty Four Seven,1,New Delhi,"Jai Sai Motors, Indian Oil Petrol Pump, Near Hotel Crowne Plaza, Okhla Phase 1, New Delhi",Okhla Phase 1,"Okhla Phase 1, New Delhi",77.2729071,28.5275256,"Fast Food, North Indian",300,Indian Rupees(Rs.),No,No,No,No,1,0,White,Not rated,0
18107851,Delhite Pí¢tisserie,1,New Delhi,"413, Mukherjee Nagar, New Delhi",Mukherjee Nagar,"Mukherjee Nagar, New Delhi",77.2150185,28.7102675,Bakery,300,Indian Rupees(Rs.),No,No,No,No,1,0,White,Not rated,1
18265698,Hangchuaa's Chinese Food Corner,1,New Delhi,"K-130, Gautam Nagar, Yusuf Sarai, New Delhi",Yusuf Sarai,"Yusuf Sarai, New Delhi",77.2098081,28.5609683,Chinese,600,Indian Rupees(Rs.),No,No,No,No,2,2.7,Orange,Average,5
652,Cafe Coffee Day - The Lounge,1,New Delhi,"E-29, Main Market, Hauz Khas, New Delhi",Hauz Khas,"Hauz Khas, New Delhi",77.2076874,28.5510835,Cafe,750,Indian Rupees(Rs.),No,No,No,No,2,2.6,Orange,Average,76
6705,Kanwarji's,1,New Delhi,"G-1, Sagar Chamber, Saini Enclave, Karkardooma, New Delhi",Karkardooma,"Karkardooma, New Delhi",77.3051329,28.6509065,"Street Food, Mithai",400,Indian Rupees(Rs.),No,No,No,No,1,3.5,Yellow,Good,40
18361199,Bikaner Sweets & Restaurant,1,New Delhi,"Near Khaira Mod, Bahadurgarh Road, Najafgarh, New Delhi",Najafgarh,"Najafgarh, New Delhi",76.9759687,28.6157878,"Mithai, South Indian, Street Food",200,Indian Rupees(Rs.),No,No,No,No,1,0,White,Not rated,0
1913,Swagath,1,New Delhi,"M-9, M Block Market, Greater Kailash (GK) 2, New Delhi",Greater Kailash (GK) 2,"Greater Kailash (GK) 2, New Delhi",77.243348,28.5340197,"North Indian, Chinese, South Indian, Seafood, Chettinad",1500,Indian Rupees(Rs.),Yes,No,No,No,3,3.5,Yellow,Good,198
301823,Sarpal Restaurant,1,New Delhi,"C-123 A, Clock Tower Chowk, Hari Nagar, Jail Road, New Delhi",Jail Road,"Jail Road, New Delhi",77.1112093,28.6249622,"North Indian, Mughlai",550,Indian Rupees(Rs.),No,No,No,No,2,3.1,Orange,Average,14
18378042,Pizza Hub,1,New Delhi,"D-3/A, North Ghonda, Shahdara, New Delhi",Shahdara,"Shahdara, New Delhi",77.2700134,28.6915855,Pizza,250,Indian Rupees(Rs.),No,No,No,No,1,0,White,Not rated,2
2407,Sri Balaji,1,New Delhi,"17-A/41, WEA Gurudwara Road, Karol Bagh, New Delhi",Karol Bagh,"Karol Bagh, New Delhi",77.1907064,28.6455898,"South Indian, North Indian",600,Indian Rupees(Rs.),No,No,No,No,2,3.5,Yellow,Good,88
18377902,Cafe Youth,1,New Delhi,"Main Road, Near BSES Office, Vasundhara Enclave, New Delhi",Vasundhara Enclave,"Vasundhara Enclave, New Delhi",77.312519,28.6021139,Chinese,350,Indian Rupees(Rs.),No,No,No,No,1,0,White,Not rated,1
18025127,Bake My Day,1,New Delhi,"Shop 1, Ambawata Complex, Gurudwara Road, Mehrauli, New Delhi",Mehrauli,"Mehrauli, New Delhi",77.1818522,28.5222187,"Bakery, Desserts, Fast Food",250,Indian Rupees(Rs.),No,No,No,No,1,0,White,Not rated,2
311336,Veggie-Licious,1,New Delhi,"G-6, GS Arcade, Pocket B, Behind State Bank of India, Mayur Vihar Phase 2, New Delhi",Mayur Vihar Phase 2,"Mayur Vihar Phase 2, New Delhi",77.3011572,28.6192865,"North Indian, Chinese, Continental, Fast Food",450,Indian Rupees(Rs.),No,Yes,No,No,1,3.6,Yellow,Good,100
9380,Krishna Sweet House,1,New Delhi,"H-4/7, Model Town 2, New Delhi",Model Town 2,"Model Town 2, New Delhi",77.1904379,28.7058031,"Mithai, South Indian",200,Indian Rupees(Rs.),No,No,No,No,1,3.3,Orange,Average,32
2913,Gola Sizzlers,1,New Delhi,"K-24, Opposite PVR Plaza Cinema, Connaught Place, New Delhi",Connaught Place,"Connaught Place, New Delhi",77.2198577,28.6352499,"Chinese, North Indian, Mughlai, Continental",1600,Indian Rupees(Rs.),No,Yes,No,No,3,3,Orange,Average,671
18303701,Orange Cafe & Restaurant,1,New Delhi,"Block 10, House 7, New Aruna Nagar, Majnu ka Tila, New Delhi",Majnu ka Tila,"Majnu ka Tila, New Delhi",77.2284355,28.702491,"Tibetan, Chinese",450,Indian Rupees(Rs.),No,No,No,No,1,3.1,Orange,Average,8
300788,Darbar Chicken Corner,1,New Delhi,"Near Baba Banquet Hall, Shakarpur, New Delhi",Shakarpur,"Shakarpur, New Delhi",77.2781757,28.6284726,"North Indian, Mughlai, Chinese",500,Indian Rupees(Rs.),No,No,No,No,2,0,White,Not rated,3
307075,Republic of Chicken,1,New Delhi,"100, Old Rajinder Nagar Market, Near UCO Market, Rajinder Nagar, New Delhi",Rajinder Nagar,"Rajinder Nagar, New Delhi",77.1849192,28.6406889,"Raw Meats, Fast Food",400,Indian Rupees(Rs.),No,No,No,No,1,2.8,Orange,Average,33
18371405,Brahm Point Fast Food,1,New Delhi,"34/5, Community Center, Naraina Phase-1, Naraina, New Delhi",Naraina,"Naraina, New Delhi",77.137828,28.6319525,"Fast Food, Chinese",150,Indian Rupees(Rs.),No,No,No,No,1,0,White,Not rated,0
18336472,Brown House Cafe,1,New Delhi,"117/3, Sudarshan Road, Gautam Nagar, Near Hauz Khas, New Delhi",Hauz Khas,"Hauz Khas, New Delhi",77.2099284,28.5600874,"Chinese, North Indian",250,Indian Rupees(Rs.),No,No,No,No,1,0,White,Not rated,0
18034071,Janki Vaishno Dhaba,1,New Delhi,"WZ 714, Tihar Village, Near Tilak Nagar Market, Government Girls Convent School, Tilak Nagar, New Delhi",Tilak Nagar,"Tilak Nagar, New Delhi",77.1050287,28.6375598,North Indian,150,Indian Rupees(Rs.),No,No,No,No,1,3,Orange,Average,4
302159,Khosla Cafe,1,New Delhi,"5024, Main Bazaar, Paharganj, New Delhi",Paharganj,"Paharganj, New Delhi",77.2112792,28.6407474,"North Indian, Chinese, Fast Food",400,Indian Rupees(Rs.),No,No,No,No,1,3.2,Orange,Average,18
18017253,Baker's Stop,1,New Delhi,"209, Harsh Vihar, Pitampura, New Delhi",Pitampura,"Pitampura, New Delhi",77.1336856,28.6953352,"Bakery, Desserts, Fast Food",350,Indian Rupees(Rs.),No,No,No,No,1,3.7,Yellow,Good,71
7635,Kamala Fast Food & Chinese,1,New Delhi,"32, Market  2, Chittaranjan Park, New Delhi",Chittaranjan Park,"Chittaranjan Park, New Delhi",77.25298069,28.5359835,"Fast Food, Chinese",300,Indian Rupees(Rs.),No,No,No,No,1,0,White,Not rated,2
18346857,Lodhi Knights,1,New Delhi,"Shop 14, Tejdar Babbar Market, Khanna Market, Lodhi Colony, New Delhi",Lodhi Colony,"Lodhi Colony, New Delhi",77.2202427,28.5853283,Fast Food,200,Indian Rupees(Rs.),No,No,No,No,1,3.1,Orange,Average,8
311345,Kebab Gali,1,New Delhi,"G-39, Ground Floor, Vasant Square Mall, Vasant Kunj, New Delhi","Vasant Square Mall, Vasant Kunj","Vasant Square Mall, Vasant Kunj, New Delhi",77.1566644,28.52506,"North Indian, Mughlai, Biryani",600,Indian Rupees(Rs.),No,Yes,No,No,2,3.9,Yellow,Good,380
451,Swagath,1,New Delhi,"14, Defence Colony Market, Defence Colony, New Delhi",Defence Colony,"Defence Colony, New Delhi",77.230142,28.5735453,"North Indian, Chinese, South Indian, Seafood, Chettinad",1500,Indian Rupees(Rs.),Yes,No,No,No,3,3.9,Yellow,Good,749
311756,Pita Pit,1,New Delhi,"2nd Floor, My Square Food Court, Select Citywalk Mall, Saket, New Delhi","Select Citywalk Mall, Saket","Select Citywalk Mall, Saket, New Delhi",77.21956339,28.52923878,"Healthy Food, Salad",600,Indian Rupees(Rs.),No,Yes,No,No,2,3.7,Yellow,Good,217
7712,Shri Gupta'z,1,New Delhi,"6, DSIDC Market, Scheme 3, Okhla Industrial Area, Okhla Phase 2, New Delhi",Okhla Phase 2,"Okhla Phase 2, New Delhi",77.2806012,28.5370818,"Mughlai, North Indian, Chinese",500,Indian Rupees(Rs.),No,No,No,No,2,3.2,Orange,Average,18
18241531,Londoners,1,New Delhi,"M-25, 1st & 2nd Floor with Terrace, Greater Kailash (GK) 1, New Delhi",Greater Kailash (GK) 1,"Greater Kailash (GK) 1, New Delhi",77.2358901,28.5498001,"British, Chinese, Italian",1700,Indian Rupees(Rs.),Yes,Yes,No,No,3,3.8,Yellow,Good,244
306586,Chicago Pizza,1,New Delhi,"2nd Floor, Food Court, Pacific Mall, Tagore Garden, New Delhi","Pacific Mall, Tagore Garden","Pacific Mall, Tagore Garden, New Delhi",77.1064258,28.6426643,Pizza,800,Indian Rupees(Rs.),No,No,No,No,2,3.2,Orange,Average,69
18337762,Royal Cakes,1,New Delhi,"Near Seva Nagar Sabji Mandi, South Extension 1, New Delhi",South Extension 1,"South Extension 1, New Delhi",77.224753,28.5759899,Bakery,200,Indian Rupees(Rs.),No,No,No,No,1,0,White,Not rated,1
309805,Rigo Noodles,1,New Delhi,"30, 4B, Jawahar Nagar, Kamla Nagar, New Delhi",Kamla Nagar,"Kamla Nagar, New Delhi",77.20720008,28.68121151,"Chinese, Thai",500,Indian Rupees(Rs.),No,No,No,No,2,3.5,Yellow,Good,133
18425773,Anna Dosa,1,New Delhi,"Shop 8, Krishna Market, Lajpat Nagar 1, New Delhi",Lajpat Nagar 1,"Lajpat Nagar 1, New Delhi",77.2415063,28.5752885,South Indian,300,Indian Rupees(Rs.),No,No,No,No,1,0,White,Not rated,3
310348,Admission Lounge,1,New Delhi,"7, Commercial Complex, New Friends Colony, New Delhi",New Friends Colony,"New Friends Colony, New Delhi",77.26883523,28.56240125,"North Indian, Continental, Chinese, Fast Food",2500,Indian Rupees(Rs.),Yes,No,No,No,4,2.7,Orange,Average,24
18355146,Galina Restaurant,1,New Delhi,"DE 82, Ground Floor, Tagore Garden, New Delhi",Tagore Garden,"Tagore Garden, New Delhi",77.1163525,28.6461897,North Indian,700,Indian Rupees(Rs.),No,No,No,No,2,3.5,Yellow,Good,38
302142,Delhi 15,1,New Delhi,"N-46, Scooter Market, Kirti Nagar, New Delhi",Kirti Nagar,"Kirti Nagar, New Delhi",77.1407751,28.6556035,"North Indian, Mughlai, Chinese",800,Indian Rupees(Rs.),Yes,Yes,No,No,2,2.7,Orange,Average,45
18352261,Bruncheez,1,New Delhi,"112, Hari Nagar Ashram, New Friends Colony, New Delhi",New Friends Colony,"New Friends Colony, New Delhi",0,0,Fast Food,150,Indian Rupees(Rs.),No,No,No,No,1,0,White,Not rated,2
18249097,Midnight Adda,1,New Delhi,"East Punjabi Bagh, Moti Nagar, New Delhi",Moti Nagar,"Moti Nagar, New Delhi",77.139708,28.6594663,North Indian,600,Indian Rupees(Rs.),No,No,No,No,2,3,Orange,Average,6
306658,Riyaz Chicken Corner,1,New Delhi,"Shop 137, Block D, Gautam Nagar, Hauz Khas, New Delhi",Hauz Khas,"Hauz Khas, New Delhi",77.2095255,28.5603597,"Biryani, North Indian",250,Indian Rupees(Rs.),No,No,No,No,1,3.4,Orange,Average,74
18311961,Kukkuu Da Dhaba,1,New Delhi,"Shop 90A, Road 4, Gali 7, Near Anand Lok Inn, Mahipalpur, New Delhi",Mahipalpur,"Mahipalpur, New Delhi",0,0,North Indian,400,Indian Rupees(Rs.),No,No,No,No,1,0,White,Not rated,3
3504,Sanjha Chulha,1,New Delhi,"27, C.S.C. Market 2, Chittaranjan Park, New Delhi",Chittaranjan Park,"Chittaranjan Park, New Delhi",77.25324858,28.53638025,"North Indian, Mughlai",550,Indian Rupees(Rs.),No,No,No,No,2,2.7,Orange,Average,70
18268693,Vadapav Junction,1,New Delhi,"Outlet 1, Ground Floor, Satyaniketan, New Delhi",Satyaniketan,"Satyaniketan, New Delhi",77.1689617,28.5876911,Street Food,150,Indian Rupees(Rs.),No,Yes,No,No,1,3.7,Yellow,Good,48
4560,Costa Coffee,1,New Delhi,"6/7, 2nd Floor, Pacific Mall, Tagore Garden, New Delhi","Pacific Mall, Tagore Garden","Pacific Mall, Tagore Garden, New Delhi",77.1065639,28.6424982,Cafe,600,Indian Rupees(Rs.),No,No,No,No,2,3.6,Yellow,Good,53
313336,KFC,1,New Delhi,"G-1-8, Ground Floor, NN Mall,Near M2K Cinemas, Mangalam Road, Rohini, New Delhi",Rohini,"Rohini, New Delhi",77.1171,28.7007672,"American, Fast Food",500,Indian Rupees(Rs.),No,Yes,No,No,2,3.1,Orange,Average,60
18446391,Intermission,1,New Delhi,"Shop 1, D-166, Lajpat Nagar 1, New Delhi",Lajpat Nagar 1,"Lajpat Nagar 1, New Delhi",77.23870397,28.57748273,"Bakery, Fast Food",200,Indian Rupees(Rs.),No,Yes,No,No,1,0,White,Not rated,3
7807,Kerala Cafe,1,New Delhi,"DDA Market, Ber Sarai, Aruna Ashif Ali Marg, JNU, New Delhi",JNU,"JNU, New Delhi",77.18089364,28.54979385,"North Indian, South Indian",150,Indian Rupees(Rs.),No,No,No,No,1,2.3,Red,Poor,44
311584,Baking Bad,1,New Delhi,"Greater Kailash (GK) 1, New Delhi",Greater Kailash (GK) 1,"Greater Kailash (GK) 1, New Delhi",77.24227265,28.54865381,"Pizza, Italian",1000,Indian Rupees(Rs.),No,Yes,No,No,3,3.8,Yellow,Good,697
18425740,Food Corner,1,New Delhi,"HS 14, Back Side, Main Market, Kailash Colony, New Delhi",Kailash Colony,"Kailash Colony, New Delhi",77.241099,28.5527158,North Indian,100,Indian Rupees(Rs.),No,No,No,No,1,0,White,Not rated,0
4090,Hari Om Bhojnalaya,1,New Delhi,"C-1, Opposite HDFC Bank, Model Town 3, New Delhi",Model Town 3,"Model Town 3, New Delhi",77.1847764,28.7084342,North Indian,400,Indian Rupees(Rs.),No,No,No,No,1,3.2,Orange,Average,21
482,Moti Mahal Delux,1,New Delhi,"F-15, District Center, Janak Place, Janakpuri, New Delhi",Janakpuri,"Janakpuri, New Delhi",77.0820473,28.6300262,"North Indian, Mughlai, Chinese",1000,Indian Rupees(Rs.),Yes,Yes,No,No,3,2.6,Orange,Average,105
9956,McDonald's,1,New Delhi,"G-1, Pushkar Enclave, Paschim Vihar, New Delhi",Paschim Vihar,"Paschim Vihar, New Delhi",77.0923895,28.6636449,"Fast Food, Burger",500,Indian Rupees(Rs.),No,Yes,No,No,2,3.3,Orange,Average,94
6625,Domino's Pizza,1,New Delhi,"85-87, Ground Floor, Mall Road, Timarpur, Kingsway Camp, Delhi University-GTB Nagar, New Delhi",Delhi University-GTB Nagar,"Delhi University-GTB Nagar, New Delhi",77.2058299,28.6985993,"Pizza, Fast Food",700,Indian Rupees(Rs.),No,No,No,No,2,2.5,Orange,Average,109
311858,The Gourmet Shop - The Uppal,1,New Delhi,"The Uppal, Ground Floor, NH-8, Mahipalpur Extension, Aerocity, New Delhi","The Uppal, Aerocity","The Uppal, Aerocity, New Delhi",77.101847,28.535183,Bakery,500,Indian Rupees(Rs.),No,No,No,No,2,3,Orange,Average,4
302871,Punjabi Chicken,1,New Delhi,"9, Babu Market, Fuwara Chowk, Chandni Chowk, New Delhi",Chandni Chowk,"Chandni Chowk, New Delhi",77.2316689,28.6573856,North Indian,400,Indian Rupees(Rs.),No,No,No,No,1,0,White,Not rated,0
6574,Pandit Ji Paranthe Wale,1,New Delhi,"Ashok Vihar Phase 2, New Delhi",Ashok Vihar Phase 2,"Ashok Vihar Phase 2, New Delhi",77.1799506,28.6965655,North Indian,200,Indian Rupees(Rs.),No,No,No,No,1,3.7,Yellow,Good,131
18014151,Shri Bikaner Sweets & Restaurant,1,New Delhi,"Kissan Bhawan, Main Delhi Road, Village Bawana, Narela, New Delhi",Narela,"Narela, New Delhi",77.03510278,28.79751667,"North Indian, Chinese, South Indian",500,Indian Rupees(Rs.),No,No,No,No,2,0,White,Not rated,0
8462,New Aggarwal Sweet Corner,1,New Delhi,"A-1240/2, DDA Market, Mayur Vihar Phase 3, New Delhi",Mayur Vihar Phase 3,"Mayur Vihar Phase 3, New Delhi",77.3360236,28.6117841,Mithai,100,Indian Rupees(Rs.),No,No,No,No,1,2.7,Orange,Average,11
312486,Country Curries,1,New Delhi,"21, Savitri Cinema Complex, Greater Kailash (GK) 2, New Delhi",Greater Kailash (GK) 2,"Greater Kailash (GK) 2, New Delhi",77.24002328,28.54125928,"North Indian, Bengali",800,Indian Rupees(Rs.),No,Yes,No,No,2,3.5,Yellow,Good,139
18359285,Shaketastic,1,New Delhi,"Shop 108, Aggarwal Plaza ,RG Complex 2, Prashant Vihar, New Delhi",Prashant Vihar,"Prashant Vihar, New Delhi",77.1343223,28.7155806,Beverages,250,Indian Rupees(Rs.),No,No,No,No,1,0,White,Not rated,0
311022,Ashok Chaat Corner,1,New Delhi,"Shop 3488, Chowk Hauz Qazi, Near Chawri Bazar, New Delhi",Chawri Bazar,"Chawri Bazar, New Delhi",77.2268745,28.6493909,Street Food,100,Indian Rupees(Rs.),No,No,No,No,1,4.1,Green,Very Good,118
18070486,QD's Restaurant,1,New Delhi,"A-47, GuruNanakpura, Near Nirman Vihar Metro Station, Laxmi Nagar, New Delhi",Laxmi Nagar,"Laxmi Nagar, New Delhi",77.2856137,28.6363985,"Chinese, North Indian, Fast Food, Italian",800,Indian Rupees(Rs.),No,Yes,No,No,2,4.1,Green,Very Good,675
7889,Paljees Fresh Baked,1,New Delhi,"8/24, Sahi Hospital Road, Jangpura Extension, Jangpura, New Delhi",Jangpura,"Jangpura, New Delhi",77.2450505,28.5828513,"Bakery, Desserts, Fast Food",200,Indian Rupees(Rs.),No,No,No,No,1,3.1,Orange,Average,16
2587,Chimney,1,New Delhi,"26, Yashwant Place Market, Food Plaza, Chanakyapuri, New Delhi",Chanakyapuri,"Chanakyapuri, New Delhi",77.1916048,28.5843895,Chinese,800,Indian Rupees(Rs.),Yes,No,No,No,2,2.9,Orange,Average,66
9599,Punjab Sweets,1,New Delhi,"C-222, Near Railway Crossing, Lajpat Nagar 1, New Delhi",Lajpat Nagar 1,"Lajpat Nagar 1, New Delhi",77.24115785,28.57857859,"Mithai, Street Food",150,Indian Rupees(Rs.),No,No,No,No,1,0,White,Not rated,2
18239781,Aristocrat Sweet Shop,1,New Delhi,"Shop 9, Market 1, Chittaranjan Park, New Delhi",Chittaranjan Park,"Chittaranjan Park, New Delhi",77.24861238,28.5400835,"Mithai, Bakery",300,Indian Rupees(Rs.),No,No,No,No,1,3.1,Orange,Average,7
18463608,Mr. Sub,1,New Delhi,"The Gallery on MG, MG Road, New Delhi",MG Road,"MG Road, New Delhi",77.1663257,28.500868,Fast Food,400,Indian Rupees(Rs.),No,No,No,No,1,0,White,Not rated,2
312153,Green Chilli,1,New Delhi,"Gurudwara Road, Mahavir Enclave, Palam, New Delhi",Palam,"Palam, New Delhi",77.0819105,28.6003471,Chinese,200,Indian Rupees(Rs.),No,No,No,No,1,0,White,Not rated,2
18430577,The Second Wife Kitchen,1,New Delhi,"24/5, Mall Road, Tilak Nagar, New Delhi",Tilak Nagar,"Tilak Nagar, New Delhi",77.0933859,28.6366697,North Indian,500,Indian Rupees(Rs.),No,Yes,No,No,2,0,White,Not rated,2
18332058,Daawat Restaurant,1,New Delhi,"D-3/11, Krishna Nagar, New Delhi",Krishna Nagar,"Krishna Nagar, New Delhi",77.280646,28.65981866,"North Indian, Chinese, South Indian",500,Indian Rupees(Rs.),No,Yes,No,No,2,3.3,Orange,Average,26
18478723,RV Restaurant,1,New Delhi,"35 Infantry Brigade, Phillaurah Complex, Near Army Public School, Shankar Vihar, Delhi Cantt., New Delhi",Delhi Cantt.,"Delhi Cantt., New Delhi",77.13754522,28.56050598,"North Indian, Chinese, South Indian",300,Indian Rupees(Rs.),No,No,No,No,1,0,White,Not rated,0
300300,Mama's Chinese Kitchen,1,New Delhi,"4/52, Main Shankar Road, Old Rajinder Nagar, Rajinder Nagar, New Delhi",Rajinder Nagar,"Rajinder Nagar, New Delhi",77.1819977,28.6374978,Chinese,750,Indian Rupees(Rs.),No,No,No,No,2,3,Orange,Average,58
18268367,Aashirwad Restaurant,1,New Delhi,"B-125, Mangal Bazar Road, Guru Nanak Pura, Laxmi Nagar, New Delhi",Laxmi Nagar,"Laxmi Nagar, New Delhi",77.2846422,28.6367385,"North Indian, Chinese",400,Indian Rupees(Rs.),No,Yes,No,No,1,2.6,Orange,Average,5
18219530,The Kitchen Exotica,1,New Delhi,"Near Sarita Vihar Police Station, Opposite Apollo Hospital, Main Mathura Road, Sarita Vihar, New Delhi",Sarita Vihar,"Sarita Vihar, New Delhi",77.2821107,28.5400233,"North Indian, Chinese",600,Indian Rupees(Rs.),No,No,No,No,2,3,Orange,Average,9
312172,Apna Swad,1,New Delhi,"Shop 5, Indra Park, East Uttam Nagar, Uttam Nagar, New Delhi",Uttam Nagar,"Uttam Nagar, New Delhi",77.0676143,28.6193541,"North Indian, Chinese, Fast Food",500,Indian Rupees(Rs.),No,Yes,No,No,2,2.9,Orange,Average,4
18332442,Dabbba Wala Home Away,1,New Delhi,"67/2, Near Gumbad, Katwaria Sarai, Qutab Institutional Area, New Delhi",Qutab Institutional Area,"Qutab Institutional Area, New Delhi",77.182736,28.539589,North Indian,550,Indian Rupees(Rs.),No,No,No,No,2,0,White,Not rated,1
9513,Jeet Chaat Bhandar,1,New Delhi,"Opposite Metro Pillar 367, Near Red Light, Kirti Nagar, New Delhi",Kirti Nagar,"Kirti Nagar, New Delhi",77.129287,28.6518949,Street Food,150,Indian Rupees(Rs.),No,No,No,No,1,3.5,Yellow,Good,23
4096,Nagaland's Kitchen,1,New Delhi,"S-2, Uphaar Cinema Complex, Green Park Extension Market, Green Park, New Delhi",Green Park,"Green Park, New Delhi",77.2057351,28.5577921,"Chinese, Thai, Seafood, Naga",1200,Indian Rupees(Rs.),Yes,No,No,No,3,3.8,Yellow,Good,556
